09-sis-testing-002_section1,apicard,ta,09-sis-testing-002
09-sis-testing-002_section1,bhogan,student,09-sis-testing-002
09-sis-testing-002_section2,apicard,ta,09-sis-testing-002
09-sis-testing-002_section2,cbourque,student,09-sis-testing-002
09-sis-testing-002_section2,bnewton,student,09-sis-testing-002
09-sis-testing-002_section2,zdavid,student,09-sis-testing-002
09-sis-testing-002_section3,apicard,ta,09-sis-testing-002
09-sis-testing-002_section3,cbourque,student,09-sis-testing-002
09-sis-testing-002_section3,bnewton,student,09-sis-testing-002
09-sis-testing-002_section10,aallen,student,09-sis-testing-002
09-sis-testing-002_section11,aaustin,student,09-sis-testing-002
09-sis-testing-002_section12,abass,student,09-sis-testing-002
09-sis-testing-002_section13,abelanger,student,09-sis-testing-002
09-sis-testing-002_section14,abishop,student,09-sis-testing-002
09-sis-testing-002_section15,aboyer,student,09-sis-testing-002
09-sis-testing-002_section16,abradley,student,09-sis-testing-002
09-sis-testing-002_section17,abrouillette,student,09-sis-testing-002
09-sis-testing-002_section18,aburns,student,09-sis-testing-002
09-sis-testing-002_section19,acaldwell,student,09-sis-testing-002
09-sis-testing-002_section20,acard,student,09-sis-testing-002
09-sis-testing-002_section21,acarter,student,09-sis-testing-002
09-sis-testing-002_section22,aceroni,student,09-sis-testing-002
09-sis-testing-002_section23,achampagne,student,09-sis-testing-002
09-sis-testing-002_section24,adias,student,09-sis-testing-002
09-sis-testing-002_section25,adixon,student,09-sis-testing-002
09-sis-testing-002_section26,aevans,student,09-sis-testing-002
09-sis-testing-002_section27,afaiola,student,09-sis-testing-002
09-sis-testing-002_section28,afaria,student,09-sis-testing-002
09-sis-testing-002_section29,agaffney,student,09-sis-testing-002
09-sis-testing-002_section30,ahardy,student,09-sis-testing-002
09-sis-testing-002_section31,aharvey,student,09-sis-testing-002
09-sis-testing-002_section32,ahenderson,student,09-sis-testing-002
09-sis-testing-002_section33,ahernandez,student,09-sis-testing-002
09-sis-testing-002_section34,ahill,student,09-sis-testing-002
09-sis-testing-002_section35,ajohnson,student,09-sis-testing-002
09-sis-testing-002_section36,ajohnson2,student,09-sis-testing-002
09-sis-testing-002_section37,alima,student,09-sis-testing-002
09-sis-testing-002_section38,alopez,student,09-sis-testing-002
09-sis-testing-002_section39,amacedo,student,09-sis-testing-002
09-sis-testing-002_section40,amills,student,09-sis-testing-002
09-sis-testing-002_section41,amorales,student,09-sis-testing-002
09-sis-testing-002_section42,amorelli,student,09-sis-testing-002
09-sis-testing-002_section43,anonnenmacher,student,09-sis-testing-002
09-sis-testing-002_section44,aolson,student,09-sis-testing-002
09-sis-testing-002_section45,apaliotti,student,09-sis-testing-002
09-sis-testing-002_section46,apicard,student,09-sis-testing-002
09-sis-testing-002_section47,apowell,student,09-sis-testing-002
09-sis-testing-002_section48,aray,student,09-sis-testing-002
09-sis-testing-002_section49,arichardson,student,09-sis-testing-002
09-sis-testing-002_section50,arioles,student,09-sis-testing-002
09-sis-testing-002_section51,arobles,student,09-sis-testing-002
09-sis-testing-002_section52,arogers,student,09-sis-testing-002
09-sis-testing-002_section53,arussell,student,09-sis-testing-002
09-sis-testing-002_section54,asmith,student,09-sis-testing-002
09-sis-testing-002_section55,astanley,student,09-sis-testing-002
09-sis-testing-002_section56,astewart,student,09-sis-testing-002
09-sis-testing-002_section57,atitus,student,09-sis-testing-002
09-sis-testing-002_section58,averducci,student,09-sis-testing-002
09-sis-testing-002_section59,awahl,student,09-sis-testing-002
09-sis-testing-002_section60,awhitman,student,09-sis-testing-002
09-sis-testing-002_section61,barnold,student,09-sis-testing-002
09-sis-testing-002_section62,bbainter,student,09-sis-testing-002
09-sis-testing-002_section63,bball,student,09-sis-testing-002
09-sis-testing-002_section64,bbrooks,student,09-sis-testing-002
09-sis-testing-002_section65,bcraig,student,09-sis-testing-002
09-sis-testing-002_section66,bdipaola,student,09-sis-testing-002
09-sis-testing-002_section67,bfaraone,student,09-sis-testing-002
09-sis-testing-002_section68,bferguson,student,09-sis-testing-002
09-sis-testing-002_section69,bfranklin,student,09-sis-testing-002
09-sis-testing-002_section70,bgraves,student,09-sis-testing-002
09-sis-testing-002_section71,bhogan,student,09-sis-testing-002
09-sis-testing-002_section72,bhorton,student,09-sis-testing-002
09-sis-testing-002_section73,bhughes,student,09-sis-testing-002
09-sis-testing-002_section74,bjones,student,09-sis-testing-002
09-sis-testing-002_section75,bkeller,student,09-sis-testing-002
09-sis-testing-002_section76,blambert,student,09-sis-testing-002
09-sis-testing-002_section77,bmarsocci,student,09-sis-testing-002
09-sis-testing-002_section78,bmiles,student,09-sis-testing-002
09-sis-testing-002_section79,bmorrison,student,09-sis-testing-002
09-sis-testing-002_section80,bnewton,student,09-sis-testing-002
09-sis-testing-002_section81,bperry,student,09-sis-testing-002
09-sis-testing-002_section82,briley,student,09-sis-testing-002
09-sis-testing-002_section83,brondeau,student,09-sis-testing-002
09-sis-testing-002_section84,bvaughn,student,09-sis-testing-002
09-sis-testing-002_section85,bwallace,student,09-sis-testing-002
09-sis-testing-002_section86,bwhite,student,09-sis-testing-002
09-sis-testing-002_section87,bwillis,student,09-sis-testing-002
09-sis-testing-002_section88,bwright,student,09-sis-testing-002
09-sis-testing-002_section89,calvarez,student,09-sis-testing-002
09-sis-testing-002_section90,cbarnett,student,09-sis-testing-002
09-sis-testing-002_section91,cbergeron,student,09-sis-testing-002
09-sis-testing-002_section92,cbourque,student,09-sis-testing-002
09-sis-testing-002_section93,cbowman,student,09-sis-testing-002
09-sis-testing-002_section94,cbrown,student,09-sis-testing-002
09-sis-testing-002_section95,cburton,student,09-sis-testing-002
09-sis-testing-002_section96,ccampbell,student,09-sis-testing-002
09-sis-testing-002_section97,ccornell,student,09-sis-testing-002
09-sis-testing-002_section98,cday,student,09-sis-testing-002
09-sis-testing-002_section99,cfeole,student,09-sis-testing-002
09-sis-testing-002_section100,cfisher,student,09-sis-testing-002
09-sis-testing-002_section101,cford,student,09-sis-testing-002
09-sis-testing-002_section102,cfuller,student,09-sis-testing-002
09-sis-testing-002_section103,cgarcia,student,09-sis-testing-002
09-sis-testing-002_section104,cgutierrez,student,09-sis-testing-002
09-sis-testing-002_section105,chedenberg,student,09-sis-testing-002
09-sis-testing-002_section106,chunter,student,09-sis-testing-002
09-sis-testing-002_section107,cjohnston,student,09-sis-testing-002
09-sis-testing-002_section108,ckusma,student,09-sis-testing-002
09-sis-testing-002_section109,clacerda,student,09-sis-testing-002
09-sis-testing-002_section110,cmurphy,student,09-sis-testing-002
09-sis-testing-002_section111,cnewman,student,09-sis-testing-002
09-sis-testing-002_section112,cowens,student,09-sis-testing-002
09-sis-testing-002_section113,cpage,student,09-sis-testing-002
09-sis-testing-002_section114,cperez,student,09-sis-testing-002
09-sis-testing-002_section115,cporter,student,09-sis-testing-002
09-sis-testing-002_section116,cramirez,student,09-sis-testing-002
09-sis-testing-002_section117,creid,student,09-sis-testing-002
09-sis-testing-002_section118,creis,student,09-sis-testing-002
09-sis-testing-002_section119,crichards,student,09-sis-testing-002
09-sis-testing-002_section120,crivera,student,09-sis-testing-002
09-sis-testing-002_section121,croberts,student,09-sis-testing-002
09-sis-testing-002_section122,csantiago,student,09-sis-testing-002
09-sis-testing-002_section123,cshaw,student,09-sis-testing-002
09-sis-testing-002_section124,csnape,student,09-sis-testing-002
09-sis-testing-002_section125,cspencer,student,09-sis-testing-002
09-sis-testing-002_section126,cstefanik,student,09-sis-testing-002
09-sis-testing-002_section127,cstevens,student,09-sis-testing-002
09-sis-testing-002_section128,ctherrien,student,09-sis-testing-002
09-sis-testing-002_section129,ctrogisch,student,09-sis-testing-002
09-sis-testing-002_section130,cvallee,student,09-sis-testing-002
09-sis-testing-002_section131,cvandervelde,student,09-sis-testing-002
09-sis-testing-002_section132,cvargas,student,09-sis-testing-002
09-sis-testing-002_section133,cwallace,student,09-sis-testing-002
09-sis-testing-002_section134,cwalters,student,09-sis-testing-002
09-sis-testing-002_section135,cwashburn,student,09-sis-testing-002
09-sis-testing-002_section136,cyoung,student,09-sis-testing-002
09-sis-testing-002_section137,dalexander,student,09-sis-testing-002
09-sis-testing-002_section138,dascoli,student,09-sis-testing-002
09-sis-testing-002_section139,dbates,student,09-sis-testing-002
09-sis-testing-002_section140,dbonin,student,09-sis-testing-002
09-sis-testing-002_section141,dbryden,student,09-sis-testing-002
09-sis-testing-002_section142,dbyrd,student,09-sis-testing-002
09-sis-testing-002_section143,dcaparco,student,09-sis-testing-002
09-sis-testing-002_section144,dcollins,student,09-sis-testing-002
09-sis-testing-002_section145,dcorreira,student,09-sis-testing-002
09-sis-testing-002_section146,dcoulombe,student,09-sis-testing-002
09-sis-testing-002_section147,ddaniels,student,09-sis-testing-002
09-sis-testing-002_section148,ddesousa,student,09-sis-testing-002
09-sis-testing-002_section149,dgallagher,student,09-sis-testing-002
09-sis-testing-002_section150,dhansen,student,09-sis-testing-002
09-sis-testing-002_section151,dhart,student,09-sis-testing-002
09-sis-testing-002_section152,dhoule,student,09-sis-testing-002
09-sis-testing-002_section153,dkelly,student,09-sis-testing-002
09-sis-testing-002_section154,dlafleur,student,09-sis-testing-002
09-sis-testing-002_section155,dmattoon,student,09-sis-testing-002
09-sis-testing-002_section156,dmedina,student,09-sis-testing-002
09-sis-testing-002_section157,dnelson,student,09-sis-testing-002
09-sis-testing-002_section158,dreed,student,09-sis-testing-002
09-sis-testing-002_section159,dreyes,student,09-sis-testing-002
09-sis-testing-002_section160,drobertson,student,09-sis-testing-002
09-sis-testing-002_section161,drose,student,09-sis-testing-002
09-sis-testing-002_section162,dsegeren,student,09-sis-testing-002
09-sis-testing-002_section163,dshelton,student,09-sis-testing-002
09-sis-testing-002_section164,dsullivan,student,09-sis-testing-002
09-sis-testing-002_section165,dswedits,student,09-sis-testing-002
09-sis-testing-002_section166,dtaylor,student,09-sis-testing-002
09-sis-testing-002_section167,dthompson,student,09-sis-testing-002
09-sis-testing-002_section168,dwagner,student,09-sis-testing-002
09-sis-testing-002_section169,dwalker,student,09-sis-testing-002
09-sis-testing-002_section170,eboyd,student,09-sis-testing-002
09-sis-testing-002_section171,ebrown,student,09-sis-testing-002
09-sis-testing-002_section172,ecarr,student,09-sis-testing-002
09-sis-testing-002_section173,ecloutier,student,09-sis-testing-002
09-sis-testing-002_section174,ecrawford,student,09-sis-testing-002
09-sis-testing-002_section175,ediaz,student,09-sis-testing-002
09-sis-testing-002_section176,edunn,student,09-sis-testing-002
09-sis-testing-002_section177,ehunt,student,09-sis-testing-002
09-sis-testing-002_section178,einman,student,09-sis-testing-002
09-sis-testing-002_section179,ekelley,student,09-sis-testing-002
09-sis-testing-002_section180,ematthews,student,09-sis-testing-002
09-sis-testing-002_section181,emcdonald,student,09-sis-testing-002
09-sis-testing-002_section182,emorgan,student,09-sis-testing-002
09-sis-testing-002_section183,eoliver,student,09-sis-testing-002
09-sis-testing-002_section184,epapa,student,09-sis-testing-002
09-sis-testing-002_section185,epena,student,09-sis-testing-002
09-sis-testing-002_section186,epetrocelli,student,09-sis-testing-002
09-sis-testing-002_section187,eramos,student,09-sis-testing-002
09-sis-testing-002_section188,erose,student,09-sis-testing-002
09-sis-testing-002_section189,erotella,student,09-sis-testing-002
09-sis-testing-002_section190,esimpson,student,09-sis-testing-002
09-sis-testing-002_section191,estamp,student,09-sis-testing-002
09-sis-testing-002_section192,estevens,student,09-sis-testing-002
09-sis-testing-002_section193,esturdavant,student,09-sis-testing-002
09-sis-testing-002_section194,ewebb,student,09-sis-testing-002
09-sis-testing-002_section195,ewest,student,09-sis-testing-002
09-sis-testing-002_section196,fnorris,student,09-sis-testing-002
09-sis-testing-002_section197,fparker,student,09-sis-testing-002
09-sis-testing-002_section198,fsutton,student,09-sis-testing-002
09-sis-testing-002_section199,fwhitmore,student,09-sis-testing-002
09-sis-testing-002_section200,fwoods,student,09-sis-testing-002
09-sis-testing-002_section201,gbush,student,09-sis-testing-002
09-sis-testing-002_section202,gcastillo,student,09-sis-testing-002
09-sis-testing-002_section203,gconley,student,09-sis-testing-002
09-sis-testing-002_section204,gcook,student,09-sis-testing-002
09-sis-testing-002_section205,gellis,student,09-sis-testing-002
09-sis-testing-002_section206,gfrazier,student,09-sis-testing-002
09-sis-testing-002_section207,ghamilton,student,09-sis-testing-002
09-sis-testing-002_section208,gjacobs,student,09-sis-testing-002
09-sis-testing-002_section209,gknight,student,09-sis-testing-002
09-sis-testing-002_section210,gmay,student,09-sis-testing-002
09-sis-testing-002_section211,gmendez,student,09-sis-testing-002
09-sis-testing-002_section212,gperkins,student,09-sis-testing-002
09-sis-testing-002_section213,gtaylor,student,09-sis-testing-002
09-sis-testing-002_section214,gwilliamson,student,09-sis-testing-002
09-sis-testing-002_section215,hbarker,student,09-sis-testing-002
09-sis-testing-002_section216,hfox,student,09-sis-testing-002
09-sis-testing-002_section217,hharris,student,09-sis-testing-002
09-sis-testing-002_section218,hhopkins,student,09-sis-testing-002
09-sis-testing-002_section219,hlarson,student,09-sis-testing-002
09-sis-testing-002_section220,hmann,student,09-sis-testing-002
09-sis-testing-002_section221,hmcdonnell,student,09-sis-testing-002
09-sis-testing-002_section222,hmorris,student,09-sis-testing-002
09-sis-testing-002_section223,hschultz,student,09-sis-testing-002
09-sis-testing-002_section224,hwarren,student,09-sis-testing-002
09-sis-testing-002_section225,hyakes,student,09-sis-testing-002
09-sis-testing-002_section226,iandrews,student,09-sis-testing-002
09-sis-testing-002_section227,icurry,student,09-sis-testing-002
09-sis-testing-002_section228,ipearson,student,09-sis-testing-002
09-sis-testing-002_section229,iprice,student,09-sis-testing-002
09-sis-testing-002_section230,jbanks,student,09-sis-testing-002
09-sis-testing-002_section231,jbell,student,09-sis-testing-002
09-sis-testing-002_section232,jbennett,student,09-sis-testing-002
09-sis-testing-002_section233,jbouchard,student,09-sis-testing-002
09-sis-testing-002_section234,jboucher,student,09-sis-testing-002
09-sis-testing-002_section235,jbourgault,student,09-sis-testing-002
09-sis-testing-002_section236,jcarroll,student,09-sis-testing-002
09-sis-testing-002_section237,jcastro,student,09-sis-testing-002
09-sis-testing-002_section238,jcatalfamo,student,09-sis-testing-002
09-sis-testing-002_section239,jchevalier,student,09-sis-testing-002
09-sis-testing-002_section240,jcooper,student,09-sis-testing-002
09-sis-testing-002_section241,jcostabile,student,09-sis-testing-002
09-sis-testing-002_section242,jcox,student,09-sis-testing-002
09-sis-testing-002_section243,jdavis,student,09-sis-testing-002
09-sis-testing-002_section244,jdemers,student,09-sis-testing-002
09-sis-testing-002_section245,jedwards,student,09-sis-testing-002
09-sis-testing-002_section246,jenglishii,student,09-sis-testing-002
09-sis-testing-002_section247,jflores,student,09-sis-testing-002
09-sis-testing-002_section248,jfowler,student,09-sis-testing-002
09-sis-testing-002_section249,jgardner,student,09-sis-testing-002
09-sis-testing-002_section250,jgeorge,student,09-sis-testing-002
09-sis-testing-002_section251,jgomez,student,09-sis-testing-002
09-sis-testing-002_section252,jgoncalves,student,09-sis-testing-002
09-sis-testing-002_section253,jgray,student,09-sis-testing-002
09-sis-testing-002_section254,jgreene,student,09-sis-testing-002
09-sis-testing-002_section255,jhall,student,09-sis-testing-002
09-sis-testing-002_section256,jhawkins,student,09-sis-testing-002
09-sis-testing-002_section257,jhaynes,student,09-sis-testing-002
09-sis-testing-002_section258,jlawson,student,09-sis-testing-002
09-sis-testing-002_section259,jlong,student,09-sis-testing-002
09-sis-testing-002_section260,jlynch,student,09-sis-testing-002
09-sis-testing-002_section261,jmason,student,09-sis-testing-002
09-sis-testing-002_section262,jmorin,student,09-sis-testing-002
09-sis-testing-002_section263,jpare',student,09-sis-testing-002
09-sis-testing-002_section264,jphillips,student,09-sis-testing-002
09-sis-testing-002_section265,jpreble,student,09-sis-testing-002
09-sis-testing-002_section266,jrice,student,09-sis-testing-002
09-sis-testing-002_section267,jrobertson,student,09-sis-testing-002
09-sis-testing-002_section268,jsacks,student,09-sis-testing-002
09-sis-testing-002_section269,jsanchez,student,09-sis-testing-002
09-sis-testing-002_section270,jterry,student,09-sis-testing-002
09-sis-testing-002_section271,jthomson,student,09-sis-testing-002
09-sis-testing-002_section272,jward,student,09-sis-testing-002
09-sis-testing-002_section273,kadams,student,09-sis-testing-002
09-sis-testing-002_section274,kahearn,student,09-sis-testing-002
09-sis-testing-002_section275,kbannon,student,09-sis-testing-002
09-sis-testing-002_section276,kbeattie,student,09-sis-testing-002
09-sis-testing-002_section277,kbeck,student,09-sis-testing-002
09-sis-testing-002_section278,kbennett,student,09-sis-testing-002
09-sis-testing-002_section279,kcaldwell,student,09-sis-testing-002
09-sis-testing-002_section280,kcampbell,student,09-sis-testing-002
09-sis-testing-002_section281,kchambers,student,09-sis-testing-002
09-sis-testing-002_section282,kchavez,student,09-sis-testing-002
09-sis-testing-002_section283,kcoleman,student,09-sis-testing-002
09-sis-testing-002_section284,kconfreda,student,09-sis-testing-002
09-sis-testing-002_section285,kcotnoir,student,09-sis-testing-002
09-sis-testing-002_section286,kcruz,student,09-sis-testing-002
09-sis-testing-022_section1,cnewman,student,09-sis-testing-022
09-sis-testing-022_section2,cowens,student,09-sis-testing-022