09-sis-testing-002_section1,Lecture 1,lecture,09-sis-testing-002,10
09-sis-testing-002_section2,Lecture 2,lecture,09-sis-testing-002,10
09-sis-testing-002_section3,Lab 1,lab,09-sis-testing-002,10
09-sis-testing-002_section4,Lab 2,lab,09-sis-testing-002,10
09-sis-testing-002_section5,Lab 3,lab,09-sis-testing-002,10
09-sis-testing-002_section6,Lab 4,lab,09-sis-testing-002,10
09-sis-testing-002_section7,Lab 5,lab,09-sis-testing-002,10
09-sis-testing-002_section8,Lab 6,lab,09-sis-testing-002,10
09-sis-testing-002_section9,Lab 7,lab,09-sis-testing-002,10
09-sis-testing-002_section10,Lab 8,lab,09-sis-testing-002,10
09-sis-testing-002_section11,Lab 9,lab,09-sis-testing-002,10
09-sis-testing-002_section12,Lab 10,lab,09-sis-testing-002,10
09-sis-testing-002_section13,Lab 11,lab,09-sis-testing-002,10
09-sis-testing-002_section14,Lab 12,lab,09-sis-testing-002,10
09-sis-testing-002_section15,Lab 13,lab,09-sis-testing-002,10
09-sis-testing-002_section16,Lab 14,lab,09-sis-testing-002,10
09-sis-testing-002_section17,Lab 15,lab,09-sis-testing-002,10
09-sis-testing-002_section18,Lab 16,lab,09-sis-testing-002,10
09-sis-testing-002_section19,Lab 17,lab,09-sis-testing-002,10
09-sis-testing-002_section20,Lab 18,lab,09-sis-testing-002,10
09-sis-testing-002_section21,Lab 19,lab,09-sis-testing-002,10
09-sis-testing-002_section22,Lab 20,lab,09-sis-testing-002,10
09-sis-testing-002_section23,Lab 21,lab,09-sis-testing-002,10
09-sis-testing-002_section24,Lab 22,lab,09-sis-testing-002,10
09-sis-testing-002_section25,Lab 23,lab,09-sis-testing-002,10
09-sis-testing-002_section26,Lab 24,lab,09-sis-testing-002,10
09-sis-testing-002_section27,Lab 25,lab,09-sis-testing-002,10
09-sis-testing-002_section28,Lab 26,lab,09-sis-testing-002,10
09-sis-testing-002_section29,Lab 27,lab,09-sis-testing-002,10
09-sis-testing-002_section30,Lab 28,lab,09-sis-testing-002,10
09-sis-testing-002_section31,Lab 29,lab,09-sis-testing-002,10
09-sis-testing-002_section32,Lab 30,lab,09-sis-testing-002,10
09-sis-testing-002_section33,Lab 31,lab,09-sis-testing-002,10
09-sis-testing-002_section34,Lab 32,lab,09-sis-testing-002,10
09-sis-testing-002_section35,Lab 33,lab,09-sis-testing-002,10
09-sis-testing-002_section36,Lab 34,lab,09-sis-testing-002,10
09-sis-testing-002_section37,Lab 35,lab,09-sis-testing-002,10
09-sis-testing-002_section38,Lab 36,lab,09-sis-testing-002,10
09-sis-testing-002_section39,Lab 37,lab,09-sis-testing-002,10
09-sis-testing-002_section40,Lab 38,lab,09-sis-testing-002,10
09-sis-testing-002_section41,Lab 39,lab,09-sis-testing-002,10
09-sis-testing-002_section42,Lab 40,lab,09-sis-testing-002,10
09-sis-testing-002_section43,Lab 41,lab,09-sis-testing-002,10
09-sis-testing-002_section44,Lab 42,lab,09-sis-testing-002,10
09-sis-testing-002_section45,Lab 43,lab,09-sis-testing-002,10
09-sis-testing-002_section46,Lab 44,lab,09-sis-testing-002,10
09-sis-testing-002_section47,Lab 45,lab,09-sis-testing-002,10
09-sis-testing-002_section48,Lab 46,lab,09-sis-testing-002,10
09-sis-testing-002_section49,Lab 47,lab,09-sis-testing-002,10
09-sis-testing-002_section50,Lab 48,lab,09-sis-testing-002,10
09-sis-testing-002_section51,Lab 49,lab,09-sis-testing-002,10
09-sis-testing-002_section52,Lab 50,lab,09-sis-testing-002,10
09-sis-testing-002_section53,Lab 51,lab,09-sis-testing-002,10
09-sis-testing-002_section54,Lab 52,lab,09-sis-testing-002,10
09-sis-testing-002_section55,Lab 53,lab,09-sis-testing-002,10
09-sis-testing-002_section56,Lab 54,lab,09-sis-testing-002,10
09-sis-testing-002_section57,Lab 55,lab,09-sis-testing-002,10
09-sis-testing-002_section58,Lab 56,lab,09-sis-testing-002,10
09-sis-testing-002_section59,Lab 57,lab,09-sis-testing-002,10
09-sis-testing-002_section60,Lab 58,lab,09-sis-testing-002,10
09-sis-testing-002_section61,Lab 59,lab,09-sis-testing-002,10
09-sis-testing-002_section62,Lab 60,lab,09-sis-testing-002,10
09-sis-testing-002_section63,Lab 61,lab,09-sis-testing-002,10
09-sis-testing-002_section64,Lab 62,lab,09-sis-testing-002,10
09-sis-testing-002_section65,Lab 63,lab,09-sis-testing-002,10
09-sis-testing-002_section66,Lab 64,lab,09-sis-testing-002,10
09-sis-testing-002_section67,Lab 65,lab,09-sis-testing-002,10
09-sis-testing-002_section68,Lab 66,lab,09-sis-testing-002,10
09-sis-testing-002_section69,Lab 67,lab,09-sis-testing-002,10
09-sis-testing-002_section70,Lab 68,lab,09-sis-testing-002,10
09-sis-testing-002_section71,Lab 69,lab,09-sis-testing-002,10
09-sis-testing-002_section72,Lab 70,lab,09-sis-testing-002,10
09-sis-testing-002_section73,Lab 71,lab,09-sis-testing-002,10
09-sis-testing-002_section74,Lab 72,lab,09-sis-testing-002,10
09-sis-testing-002_section75,Lab 73,lab,09-sis-testing-002,10
09-sis-testing-002_section76,Lab 74,lab,09-sis-testing-002,10
09-sis-testing-002_section77,Lab 75,lab,09-sis-testing-002,10
09-sis-testing-002_section78,Lab 76,lab,09-sis-testing-002,10
09-sis-testing-002_section79,Lab 77,lab,09-sis-testing-002,10
09-sis-testing-002_section80,Lab 78,lab,09-sis-testing-002,10
09-sis-testing-002_section81,Lab 79,lab,09-sis-testing-002,10
09-sis-testing-002_section82,Lab 80,lab,09-sis-testing-002,10
09-sis-testing-002_section83,Lab 81,lab,09-sis-testing-002,10
09-sis-testing-002_section84,Lab 82,lab,09-sis-testing-002,10
09-sis-testing-002_section85,Lab 83,lab,09-sis-testing-002,10
09-sis-testing-002_section86,Lab 84,lab,09-sis-testing-002,10
09-sis-testing-002_section87,Lab 85,lab,09-sis-testing-002,10
09-sis-testing-002_section88,Lab 86,lab,09-sis-testing-002,10
09-sis-testing-002_section89,Lab 87,lab,09-sis-testing-002,10
09-sis-testing-002_section90,Lab 88,lab,09-sis-testing-002,10
09-sis-testing-002_section91,Lab 89,lab,09-sis-testing-002,10
09-sis-testing-002_section92,Lab 90,lab,09-sis-testing-002,10
09-sis-testing-002_section93,Lab 91,lab,09-sis-testing-002,10
09-sis-testing-002_section94,Lab 92,lab,09-sis-testing-002,10
09-sis-testing-002_section95,Lab 93,lab,09-sis-testing-002,10
09-sis-testing-002_section96,Lab 94,lab,09-sis-testing-002,10
09-sis-testing-002_section97,Lab 95,lab,09-sis-testing-002,10
09-sis-testing-002_section98,Lab 96,lab,09-sis-testing-002,10
09-sis-testing-002_section99,Lab 97,lab,09-sis-testing-002,10
09-sis-testing-002_section100,Lab 98,lab,09-sis-testing-002,10
09-sis-testing-002_section101,Lab 99,lab,09-sis-testing-002,10
09-sis-testing-002_section102,Lab 100,lab,09-sis-testing-002,10
09-sis-testing-002_section103,Lab 101,lab,09-sis-testing-002,10
09-sis-testing-002_section104,Lab 102,lab,09-sis-testing-002,10
09-sis-testing-002_section105,Lab 103,lab,09-sis-testing-002,10
09-sis-testing-002_section106,Lab 104,lab,09-sis-testing-002,10
09-sis-testing-002_section107,Lab 105,lab,09-sis-testing-002,10
09-sis-testing-002_section108,Lab 106,lab,09-sis-testing-002,10
09-sis-testing-002_section109,Lab 107,lab,09-sis-testing-002,10
09-sis-testing-002_section110,Lab 108,lab,09-sis-testing-002,10
09-sis-testing-002_section111,Lab 109,lab,09-sis-testing-002,10
09-sis-testing-002_section112,Lab 110,lab,09-sis-testing-002,10
09-sis-testing-002_section113,Lab 111,lab,09-sis-testing-002,10
09-sis-testing-002_section114,Lab 112,lab,09-sis-testing-002,10
09-sis-testing-002_section115,Lab 113,lab,09-sis-testing-002,10
09-sis-testing-002_section116,Lab 114,lab,09-sis-testing-002,10
09-sis-testing-002_section117,Lab 115,lab,09-sis-testing-002,10
09-sis-testing-002_section118,Lab 116,lab,09-sis-testing-002,10
09-sis-testing-002_section119,Lab 117,lab,09-sis-testing-002,10
09-sis-testing-002_section120,Lab 118,lab,09-sis-testing-002,10
09-sis-testing-002_section121,Lab 119,lab,09-sis-testing-002,10
09-sis-testing-002_section122,Lab 120,lab,09-sis-testing-002,10
09-sis-testing-002_section123,Lab 121,lab,09-sis-testing-002,10
09-sis-testing-002_section124,Lab 122,lab,09-sis-testing-002,10
09-sis-testing-002_section125,Lab 123,lab,09-sis-testing-002,10
09-sis-testing-002_section126,Lab 124,lab,09-sis-testing-002,10
09-sis-testing-002_section127,Lab 125,lab,09-sis-testing-002,10
09-sis-testing-002_section128,Lab 126,lab,09-sis-testing-002,10
09-sis-testing-002_section129,Lab 127,lab,09-sis-testing-002,10
09-sis-testing-002_section130,Lab 128,lab,09-sis-testing-002,10
09-sis-testing-002_section131,Lab 129,lab,09-sis-testing-002,10
09-sis-testing-002_section132,Lab 130,lab,09-sis-testing-002,10
09-sis-testing-002_section133,Lab 131,lab,09-sis-testing-002,10
09-sis-testing-002_section134,Lab 132,lab,09-sis-testing-002,10
09-sis-testing-002_section135,Lab 133,lab,09-sis-testing-002,10
09-sis-testing-002_section136,Lab 134,lab,09-sis-testing-002,10
09-sis-testing-002_section137,Lab 135,lab,09-sis-testing-002,10
09-sis-testing-002_section138,Lab 136,lab,09-sis-testing-002,10
09-sis-testing-002_section139,Lab 137,lab,09-sis-testing-002,10
09-sis-testing-002_section140,Lab 138,lab,09-sis-testing-002,10
09-sis-testing-002_section141,Lab 139,lab,09-sis-testing-002,10
09-sis-testing-002_section142,Lab 140,lab,09-sis-testing-002,10
09-sis-testing-002_section143,Lab 141,lab,09-sis-testing-002,10
09-sis-testing-002_section144,Lab 142,lab,09-sis-testing-002,10
09-sis-testing-002_section145,Lab 143,lab,09-sis-testing-002,10
09-sis-testing-002_section146,Lab 144,lab,09-sis-testing-002,10
09-sis-testing-002_section147,Lab 145,lab,09-sis-testing-002,10
09-sis-testing-002_section148,Lab 146,lab,09-sis-testing-002,10
09-sis-testing-002_section149,Lab 147,lab,09-sis-testing-002,10
09-sis-testing-002_section150,Lab 148,lab,09-sis-testing-002,10
09-sis-testing-002_section151,Lab 149,lab,09-sis-testing-002,10
09-sis-testing-002_section152,Lab 150,lab,09-sis-testing-002,10
09-sis-testing-002_section153,Lab 151,lab,09-sis-testing-002,10
09-sis-testing-002_section154,Lab 152,lab,09-sis-testing-002,10
09-sis-testing-002_section155,Lab 153,lab,09-sis-testing-002,10
09-sis-testing-002_section156,Lab 154,lab,09-sis-testing-002,10
09-sis-testing-002_section157,Lab 155,lab,09-sis-testing-002,10
09-sis-testing-002_section158,Lab 156,lab,09-sis-testing-002,10
09-sis-testing-002_section159,Lab 157,lab,09-sis-testing-002,10
09-sis-testing-002_section160,Lab 158,lab,09-sis-testing-002,10
09-sis-testing-002_section161,Lab 159,lab,09-sis-testing-002,10
09-sis-testing-002_section162,Lab 160,lab,09-sis-testing-002,10
09-sis-testing-002_section163,Lab 161,lab,09-sis-testing-002,10
09-sis-testing-002_section164,Lab 162,lab,09-sis-testing-002,10
09-sis-testing-002_section165,Lab 163,lab,09-sis-testing-002,10
09-sis-testing-002_section166,Lab 164,lab,09-sis-testing-002,10
09-sis-testing-002_section167,Lab 165,lab,09-sis-testing-002,10
09-sis-testing-002_section168,Lab 166,lab,09-sis-testing-002,10
09-sis-testing-002_section169,Lab 167,lab,09-sis-testing-002,10
09-sis-testing-002_section170,Lab 168,lab,09-sis-testing-002,10
09-sis-testing-002_section171,Lab 169,lab,09-sis-testing-002,10
09-sis-testing-002_section172,Lab 170,lab,09-sis-testing-002,10
09-sis-testing-002_section173,Lab 171,lab,09-sis-testing-002,10
09-sis-testing-002_section174,Lab 172,lab,09-sis-testing-002,10
09-sis-testing-002_section175,Lab 173,lab,09-sis-testing-002,10
09-sis-testing-002_section176,Lab 174,lab,09-sis-testing-002,10
09-sis-testing-002_section177,Lab 175,lab,09-sis-testing-002,10
09-sis-testing-002_section178,Lab 176,lab,09-sis-testing-002,10
09-sis-testing-002_section179,Lab 177,lab,09-sis-testing-002,10
09-sis-testing-002_section180,Lab 178,lab,09-sis-testing-002,10
09-sis-testing-002_section181,Lab 179,lab,09-sis-testing-002,10
09-sis-testing-002_section182,Lab 180,lab,09-sis-testing-002,10
09-sis-testing-002_section183,Lab 181,lab,09-sis-testing-002,10
09-sis-testing-002_section184,Lab 182,lab,09-sis-testing-002,10
09-sis-testing-002_section185,Lab 183,lab,09-sis-testing-002,10
09-sis-testing-002_section186,Lab 184,lab,09-sis-testing-002,10
09-sis-testing-002_section187,Lab 185,lab,09-sis-testing-002,10
09-sis-testing-002_section188,Lab 186,lab,09-sis-testing-002,10
09-sis-testing-002_section189,Lab 187,lab,09-sis-testing-002,10
09-sis-testing-002_section190,Lab 188,lab,09-sis-testing-002,10
09-sis-testing-002_section191,Lab 189,lab,09-sis-testing-002,10
09-sis-testing-002_section192,Lab 190,lab,09-sis-testing-002,10
09-sis-testing-002_section193,Lab 191,lab,09-sis-testing-002,10
09-sis-testing-002_section194,Lab 192,lab,09-sis-testing-002,10
09-sis-testing-002_section195,Lab 193,lab,09-sis-testing-002,10
09-sis-testing-002_section196,Lab 194,lab,09-sis-testing-002,10
09-sis-testing-002_section197,Lab 195,lab,09-sis-testing-002,10
09-sis-testing-002_section198,Lab 196,lab,09-sis-testing-002,10
09-sis-testing-002_section199,Lab 197,lab,09-sis-testing-002,10
09-sis-testing-002_section200,Lab 198,lab,09-sis-testing-002,10
09-sis-testing-002_section201,Lab 199,lab,09-sis-testing-002,10
09-sis-testing-002_section202,Lab 200,lab,09-sis-testing-002,10
09-sis-testing-002_section203,Lab 201,lab,09-sis-testing-002,10
09-sis-testing-002_section204,Lab 202,lab,09-sis-testing-002,10
09-sis-testing-002_section205,Lab 203,lab,09-sis-testing-002,10
09-sis-testing-002_section206,Lab 204,lab,09-sis-testing-002,10
09-sis-testing-002_section207,Lab 205,lab,09-sis-testing-002,10
09-sis-testing-002_section208,Lab 206,lab,09-sis-testing-002,10
09-sis-testing-002_section209,Lab 207,lab,09-sis-testing-002,10
09-sis-testing-002_section210,Lab 208,lab,09-sis-testing-002,10
09-sis-testing-002_section211,Lab 209,lab,09-sis-testing-002,10
09-sis-testing-002_section212,Lab 210,lab,09-sis-testing-002,10
09-sis-testing-002_section213,Lab 211,lab,09-sis-testing-002,10
09-sis-testing-002_section214,Lab 212,lab,09-sis-testing-002,10
09-sis-testing-002_section215,Lab 213,lab,09-sis-testing-002,10
09-sis-testing-002_section216,Lab 214,lab,09-sis-testing-002,10
09-sis-testing-002_section217,Lab 215,lab,09-sis-testing-002,10
09-sis-testing-002_section218,Lab 216,lab,09-sis-testing-002,10
09-sis-testing-002_section219,Lab 217,lab,09-sis-testing-002,10
09-sis-testing-002_section220,Lab 218,lab,09-sis-testing-002,10
09-sis-testing-002_section221,Lab 219,lab,09-sis-testing-002,10
09-sis-testing-002_section222,Lab 220,lab,09-sis-testing-002,10
09-sis-testing-002_section223,Lab 221,lab,09-sis-testing-002,10
09-sis-testing-002_section224,Lab 222,lab,09-sis-testing-002,10
09-sis-testing-002_section225,Lab 223,lab,09-sis-testing-002,10
09-sis-testing-002_section226,Lab 224,lab,09-sis-testing-002,10
09-sis-testing-002_section227,Lab 225,lab,09-sis-testing-002,10
09-sis-testing-002_section228,Lab 226,lab,09-sis-testing-002,10
09-sis-testing-002_section229,Lab 227,lab,09-sis-testing-002,10
09-sis-testing-002_section230,Lab 228,lab,09-sis-testing-002,10
09-sis-testing-002_section231,Lab 229,lab,09-sis-testing-002,10
09-sis-testing-002_section232,Lab 230,lab,09-sis-testing-002,10
09-sis-testing-002_section233,Lab 231,lab,09-sis-testing-002,10
09-sis-testing-002_section234,Lab 232,lab,09-sis-testing-002,10
09-sis-testing-002_section235,Lab 233,lab,09-sis-testing-002,10
09-sis-testing-002_section236,Lab 234,lab,09-sis-testing-002,10
09-sis-testing-002_section237,Lab 235,lab,09-sis-testing-002,10
09-sis-testing-002_section238,Lab 236,lab,09-sis-testing-002,10
09-sis-testing-002_section239,Lab 237,lab,09-sis-testing-002,10
09-sis-testing-002_section240,Lab 238,lab,09-sis-testing-002,10
09-sis-testing-002_section241,Lab 239,lab,09-sis-testing-002,10
09-sis-testing-002_section242,Lab 240,lab,09-sis-testing-002,10
09-sis-testing-002_section243,Lab 241,lab,09-sis-testing-002,10
09-sis-testing-002_section244,Lab 242,lab,09-sis-testing-002,10
09-sis-testing-002_section245,Lab 243,lab,09-sis-testing-002,10
09-sis-testing-002_section246,Lab 244,lab,09-sis-testing-002,10
09-sis-testing-002_section247,Lab 245,lab,09-sis-testing-002,10
09-sis-testing-002_section248,Lab 246,lab,09-sis-testing-002,10
09-sis-testing-002_section249,Lab 247,lab,09-sis-testing-002,10
09-sis-testing-002_section250,Lab 248,lab,09-sis-testing-002,10
09-sis-testing-002_section251,Lab 249,lab,09-sis-testing-002,10
09-sis-testing-002_section252,Lab 250,lab,09-sis-testing-002,10
09-sis-testing-002_section253,Lab 251,lab,09-sis-testing-002,10
09-sis-testing-002_section254,Lab 252,lab,09-sis-testing-002,10
09-sis-testing-002_section255,Lab 253,lab,09-sis-testing-002,10
09-sis-testing-002_section256,Lab 254,lab,09-sis-testing-002,10
09-sis-testing-002_section257,Lab 255,lab,09-sis-testing-002,10
09-sis-testing-002_section258,Lab 256,lab,09-sis-testing-002,10
09-sis-testing-002_section259,Lab 257,lab,09-sis-testing-002,10
09-sis-testing-002_section260,Lab 258,lab,09-sis-testing-002,10
09-sis-testing-002_section261,Lab 259,lab,09-sis-testing-002,10
09-sis-testing-002_section262,Lab 260,lab,09-sis-testing-002,10
09-sis-testing-002_section263,Lab 261,lab,09-sis-testing-002,10
09-sis-testing-002_section264,Lab 262,lab,09-sis-testing-002,10
09-sis-testing-002_section265,Lab 263,lab,09-sis-testing-002,10
09-sis-testing-002_section266,Lab 264,lab,09-sis-testing-002,10
09-sis-testing-002_section267,Lab 265,lab,09-sis-testing-002,10
09-sis-testing-002_section268,Lab 266,lab,09-sis-testing-002,10
09-sis-testing-002_section269,Lab 267,lab,09-sis-testing-002,10
09-sis-testing-002_section270,Lab 268,lab,09-sis-testing-002,10
09-sis-testing-002_section271,Lab 269,lab,09-sis-testing-002,10
09-sis-testing-002_section272,Lab 270,lab,09-sis-testing-002,10
09-sis-testing-002_section273,Lab 271,lab,09-sis-testing-002,10
09-sis-testing-002_section274,Lab 272,lab,09-sis-testing-002,10
09-sis-testing-002_section275,Lab 273,lab,09-sis-testing-002,10
09-sis-testing-002_section276,Lab 274,lab,09-sis-testing-002,10
09-sis-testing-002_section277,Lab 275,lab,09-sis-testing-002,10
09-sis-testing-002_section278,Lab 276,lab,09-sis-testing-002,10
09-sis-testing-002_section279,Lab 277,lab,09-sis-testing-002,10
09-sis-testing-002_section280,Lab 278,lab,09-sis-testing-002,10
09-sis-testing-002_section281,Lab 279,lab,09-sis-testing-002,10
09-sis-testing-002_section282,Lab 280,lab,09-sis-testing-002,10
09-sis-testing-002_section283,Lab 281,lab,09-sis-testing-002,10
09-sis-testing-002_section284,Lab 282,lab,09-sis-testing-002,10
09-sis-testing-002_section285,Lab 283,lab,09-sis-testing-002,10
09-sis-testing-002_section286,Lab 284,lab,09-sis-testing-002,10
09-sis-testing-022_section1,Lecture 1,lecture,09-sis-testing-022,
09-sis-testing-022_section2,Lecture 2,lecture,09-sis-testing-022,10
